{
  "swagger" : "2.0",
  "info" : {
    "description" : "This is the specification of the MetaStore REST API. \n                  For authentication the REST authentication provided by KIT Data\n                  Manager is used. The RESTAPI provides the basic functionality of MASi \n                  (registration of XML Schema Definitions, creation (automatically\n                  triggered during ingest to repository)/update/validation of metadata,\n                  search for digital objects via metadata, creating and editing PID\n                  for an existing digital object. These services are usable for \n                  all communities without any changes. For special/additional functionality\n                  additional services may be available as an upgrade in future (e.g.: Fuzzy search/Facets, provenance,...).",
    "version" : "1.2",
    "title" : "Swagger spec for MetaStore REST API",
    "contact" : {
      "name" : "Volker Hartmann",
      "url" : "http://datamanager.kit.edu",
      "email" : "webmaster(@)datamanager.kit.edu"
    },
    "license" : {
      "name" : "Apache Licence 2.0",
      "url" : "http://www.apache.org/licenses/LICENSE-2.0"
    }
  },
  "host" : "localhost:8089",
  "basePath" : "/KITDM/rest/metastore",
  "tags" : [ {
    "name" : "Metadata"
  }, {
    "name" : "PID"
  }, {
    "name" : "Search"
  }, {
    "name" : "Validation"
  }, {
    "name" : "XML Schema Definition (XSD)"
  } ],
  "schemes" : [ "http", "https" ],
  "paths" : {
    "/pid" : {
      "get" : {
        "tags" : [ "PID" ],
        "summary" : "Get all attributes of PID or landing page depending on format of return value.",
        "description" : "In case of attributes: JSonArray with key:value",
        "operationId" : "getAllAttributes",
        "produces" : [ "application/json", "text/html" ],
        "parameters" : [ {
          "name" : "pid",
          "in" : "query",
          "description" : "PID (URL encoded)",
          "required" : true,
          "type" : "string"
        } ],
        "responses" : {
          "200" : {
            "description" : "Success"
          },
          "400" : {
            "description" : "Bad request."
          },
          "401" : {
            "description" : "Unauthorized access."
          },
          "500" : {
            "description" : "Internal server error"
          }
        }
      },
      "post" : {
        "tags" : [ "PID" ],
        "summary" : "Create a PID with given service.",
        "description" : "Returns the PID.",
        "operationId" : "createPid",
        "consumes" : [ "application/x-www-form-urlencoded" ],
        "produces" : [ "application/json" ],
        "parameters" : [ {
          "name" : "groupId",
          "in" : "formData",
          "description" : "GroupId the user belongs to. (User has to be at least manager)",
          "required" : false,
          "type" : "string",
          "default" : "USERS"
        }, {
          "name" : "digitalObjectId",
          "in" : "formData",
          "description" : "Digital Object ID",
          "required" : true,
          "type" : "string"
        }, {
          "name" : "service",
          "in" : "formData",
          "description" : "Service which should be used to create PID",
          "required" : true,
          "type" : "string"
        } ],
        "responses" : {
          "201" : {
            "description" : "Successfully created PID"
          },
          "400" : {
            "description" : "Bad request - service not allowed."
          },
          "401" : {
            "description" : "Unauthorized access."
          },
          "500" : {
            "description" : "Internal server error"
          }
        }
      }
    },
    "/pid/attribute/{attributeLabel}" : {
      "get" : {
        "tags" : [ "PID" ],
        "summary" : "Get attribute with given label of given PID.",
        "description" : " attribute withsame label may exist.",
        "operationId" : "getAttribute",
        "produces" : [ "application/json" ],
        "parameters" : [ {
          "name" : "pid",
          "in" : "query",
          "description" : "PID (URL encoded)",
          "required" : true,
          "type" : "string"
        }, {
          "name" : "attributeLabel",
          "in" : "path",
          "description" : "Label of the attribute",
          "required" : true,
          "type" : "string"
        } ],
        "responses" : {
          "200" : {
            "description" : "Successfully added attribute"
          },
          "400" : {
            "description" : "Bad request - The chosen service will not support this feature."
          },
          "401" : {
            "description" : "Unauthorized access."
          },
          "500" : {
            "description" : "Internal server error"
          }
        }
      },
      "post" : {
        "tags" : [ "PID" ],
        "summary" : "Add an attribute to given PID.",
        "description" : "If attribute already exists a new attribute withsame label will be added.",
        "operationId" : "addAttributeToPid",
        "consumes" : [ "application/x-www-form-urlencoded" ],
        "produces" : [ "application/json" ],
        "parameters" : [ {
          "name" : "groupId",
          "in" : "formData",
          "description" : "GroupId the user belongs to. (User has to be at least manager)",
          "required" : false,
          "type" : "string",
          "default" : "USERS"
        }, {
          "name" : "pid",
          "in" : "formData",
          "description" : "PID",
          "required" : true,
          "type" : "string"
        }, {
          "name" : "attributeLabel",
          "in" : "path",
          "description" : "Label of the attribute",
          "required" : true,
          "type" : "string"
        }, {
          "name" : "value",
          "in" : "formData",
          "description" : "Value of the attribute",
          "required" : true,
          "type" : "string"
        } ],
        "responses" : {
          "201" : {
            "description" : "Successfully added attribute"
          },
          "400" : {
            "description" : "Bad request - The chosen service will not support this feature."
          },
          "401" : {
            "description" : "Unauthorized access."
          },
          "500" : {
            "description" : "Internal server error"
          }
        }
      },
      "put" : {
        "tags" : [ "PID" ],
        "summary" : "Update existing attribute with a new value to given PID.",
        "description" : " attribute withsame label will be added.",
        "operationId" : "updateAttributeOfPid",
        "consumes" : [ "application/x-www-form-urlencoded" ],
        "produces" : [ "application/json" ],
        "parameters" : [ {
          "name" : "groupId",
          "in" : "formData",
          "description" : "GroupId the user belongs to. (User has to be at least manager)",
          "required" : false,
          "type" : "string",
          "default" : "USERS"
        }, {
          "name" : "pid",
          "in" : "formData",
          "description" : "PID (URL encoded)",
          "required" : true,
          "type" : "string"
        }, {
          "name" : "attributeLabel",
          "in" : "path",
          "description" : "Label of the attribute",
          "required" : true,
          "type" : "string"
        }, {
          "name" : "oldValue",
          "in" : "formData",
          "description" : "Old value of the attribute",
          "required" : true,
          "type" : "string"
        }, {
          "name" : "newValue",
          "in" : "formData",
          "description" : "New Value of the attribute",
          "required" : true,
          "type" : "string"
        } ],
        "responses" : {
          "200" : {
            "description" : "Successfully added attribute"
          },
          "400" : {
            "description" : "Bad request - The chosen service will not support this feature."
          },
          "401" : {
            "description" : "Unauthorized access."
          },
          "500" : {
            "description" : "Internal server error"
          }
        }
      }
    },
    "/pid/services" : {
      "get" : {
        "tags" : [ "PID" ],
        "summary" : "Get a list of all available PID services",
        "description" : "Returns only the service names. Different service names maybe used for different setups of same service.",
        "operationId" : "listAllRegisteredPidServices",
        "produces" : [ "application/json" ],
        "parameters" : [ {
          "name" : "groupId",
          "in" : "query",
          "description" : "GroupId the user belongs to. (User has to be at least guest)",
          "required" : false,
          "type" : "string",
          "default" : "USERS"
        } ],
        "responses" : {
          "200" : {
            "description" : "Success"
          },
          "401" : {
            "description" : "Unauthorized access."
          },
          "500" : {
            "description" : "Internal server error"
          }
        }
      }
    },
    "/xml" : {
      "get" : {
        "tags" : [ "Metadata" ],
        "summary" : "Get single METS file.",
        "description" : "METS file will be compiled from most current sections. If there are multiple sections with the same type an error will occur.",
        "operationId" : "getMetsDocument",
        "produces" : [ "application/xml", "application/json" ],
        "parameters" : [ {
          "name" : "groupId",
          "in" : "query",
          "description" : "GroupId the user belongs to. (User has to be at least manager)",
          "required" : false,
          "type" : "string",
          "default" : "USERS"
        }, {
          "name" : "oid",
          "in" : "query",
          "description" : "Unique ID for the metadata (should be identical to id of linked Digital Data Object).",
          "required" : true,
          "type" : "string"
        } ],
        "responses" : {
          "200" : {
            "description" : "Successful."
          },
          "400" : {
            "description" : "Bad request. At least one Parameter is invalid."
          },
          "401" : {
            "description" : "Unauthorized access."
          },
          "404" : {
            "description" : "ID doesn't exist."
          },
          "500" : {
            "description" : "Internal server error"
          }
        }
      },
      "post" : {
        "tags" : [ "Metadata" ],
        "summary" : "Store, validate and index XML file to metastore. Only METS file are allowed.",
        "description" : "METS XML will be splitted in its sections and stored as separate parts.",
        "operationId" : "storeAndIndexMetsXml",
        "consumes" : [ "application/x-www-form-urlencoded" ],
        "produces" : [ "application/json" ],
        "parameters" : [ {
          "name" : "groupId",
          "in" : "formData",
          "description" : "GroupId the user belongs to. (User has to be at least member)",
          "required" : false,
          "type" : "string",
          "default" : "USERS"
        }, {
          "name" : "oid",
          "in" : "formData",
          "description" : "Unique ID for the metadata (should be identical to id of linked Digital Data Object).",
          "required" : true,
          "type" : "string"
        }, {
          "name" : "xmlFile",
          "in" : "formData",
          "description" : "Content of XML file to be stored",
          "required" : true,
          "type" : "string"
        } ],
        "responses" : {
          "201" : {
            "description" : "Successfully stored and indexed."
          },
          "400" : {
            "description" : "Bad request. At least one Parameter is invalid."
          },
          "401" : {
            "description" : "Unauthorized access."
          },
          "409" : {
            "description" : "ID already exists. Use 'put' for update metadata."
          },
          "500" : {
            "description" : "Internal server error"
          }
        }
      },
      "put" : {
        "tags" : [ "Metadata" ],
        "summary" : "Update, validate and index XML file to metastore. Only METS file are allowed. (Not available yet!)",
        "description" : "METS xml will be splitted in its sections and stored as separate parts.",
        "operationId" : "updateAndIndexMetsXml",
        "consumes" : [ "application/x-www-form-urlencoded" ],
        "produces" : [ "application/json" ],
        "parameters" : [ {
          "name" : "groupId",
          "in" : "formData",
          "description" : "GroupId the user belongs to. (User has to be at least member)",
          "required" : false,
          "type" : "string",
          "default" : "USERS"
        }, {
          "name" : "oid",
          "in" : "formData",
          "description" : "Unique ID for the metadata (should be identical to id of linked Digital Data Object).",
          "required" : true,
          "type" : "string"
        }, {
          "name" : "xmlFile",
          "in" : "formData",
          "description" : "Content of XML file to be stored",
          "required" : true,
          "type" : "string"
        } ],
        "responses" : {
          "201" : {
            "description" : "Successfully updated and indexed."
          },
          "400" : {
            "description" : "Bad request. At least one Parameter is invalid."
          },
          "401" : {
            "description" : "Unauthorized access."
          },
          "409" : {
            "description" : "ID already exists. Use 'put' for update metadata."
          },
          "500" : {
            "description" : "Internal server error"
          }
        }
      }
    },
    "/xml/search" : {
      "get" : {
        "tags" : [ "Search" ],
        "summary" : "Full text search on metadata.",
        "description" : "Returns the complete documents.",
        "operationId" : "getSearchResult",
        "produces" : [ "application/json" ],
        "parameters" : [ {
          "name" : "groupId",
          "in" : "query",
          "description" : "For non public search provide group connected to user.",
          "required" : false,
          "type" : "string",
          "default" : "WORLD"
        }, {
          "name" : "term",
          "in" : "query",
          "description" : "Search term(s)",
          "required" : true,
          "type" : "array",
          "items" : {
            "type" : "string"
          },
          "collectionFormat" : "multi"
        }, {
          "name" : "index",
          "in" : "query",
          "description" : "Which indices should be searched (linked with groupIds). (Not supported yet!)",
          "required" : false,
          "type" : "array",
          "items" : {
            "type" : "string",
            "default" : "_all"
          },
          "collectionFormat" : "multi"
        }, {
          "name" : "type",
          "in" : "query",
          "description" : "Which types should be searched (linked with metadata schema). (Not supported yet!)",
          "required" : false,
          "type" : "array",
          "items" : {
            "type" : "string",
            "default" : "_all"
          },
          "collectionFormat" : "multi"
        }, {
          "name" : "size",
          "in" : "query",
          "description" : "Maximum numberof hits.",
          "required" : false,
          "type" : "integer",
          "default" : 20,
          "format" : "int32"
        } ],
        "responses" : {
          "200" : {
            "description" : "Successfully retrieval of search results"
          },
          "401" : {
            "description" : "Unauthorized access."
          },
          "404" : {
            "description" : "No search engine found"
          },
          "500" : {
            "description" : "Internal server error"
          }
        }
      }
    },
    "/xml/validate" : {
      "post" : {
        "tags" : [ "Validation" ],
        "summary" : "Validate XML against registered XSD.",
        "description" : "Also fails if linked namespace is not registered.",
        "operationId" : "validateXml",
        "consumes" : [ "application/x-www-form-urlencoded" ],
        "produces" : [ "application/json" ],
        "parameters" : [ {
          "name" : "groupId",
          "in" : "formData",
          "description" : "GroupId the user belongs to. (User has to be at least manager)",
          "required" : false,
          "type" : "string",
          "default" : "USERS"
        }, {
          "name" : "xmlFile",
          "in" : "formData",
          "description" : "Content of XML file to be stored",
          "required" : true,
          "type" : "string"
        } ],
        "responses" : {
          "200" : {
            "description" : "Valid XML"
          },
          "400" : {
            "description" : "Invalid XML"
          },
          "500" : {
            "description" : "Internal server error"
          }
        }
      }
    },
    "/xml/{prefix}" : {
      "get" : {
        "tags" : [ "Metadata" ],
        "summary" : "Get single section of METS file.",
        "description" : "Section will be selected by prefix of the metadata registered in KIT Data Manager. If there are multiple sections with the same type an error will occur.",
        "operationId" : "getPartialXML",
        "consumes" : [ "application/x-www-form-urlencoded" ],
        "produces" : [ "application/xml", "application/json" ],
        "parameters" : [ {
          "name" : "groupId",
          "in" : "query",
          "description" : "GroupId the user belongs to. (User has to be at least manager)",
          "required" : false,
          "type" : "string",
          "default" : "USERS"
        }, {
          "name" : "oid",
          "in" : "query",
          "description" : "Unique ID for the metadata (should be identical to id of linked Digital Data Object).",
          "required" : true,
          "type" : "string"
        }, {
          "name" : "prefix",
          "in" : "path",
          "description" : "Prefix of namespace of selected section",
          "required" : true,
          "type" : "string"
        }, {
          "name" : "sectionId",
          "in" : "query",
          "description" : "Section ID for the metadata (mandatory if multiple sections with same type exists).",
          "required" : false,
          "type" : "string"
        } ],
        "responses" : {
          "200" : {
            "description" : "Successful."
          },
          "400" : {
            "description" : "Bad request. At least one Parameter is invalid."
          },
          "401" : {
            "description" : "Unauthorized access."
          },
          "404" : {
            "description" : "ID doesn't exist."
          },
          "500" : {
            "description" : "Internal server error"
          }
        }
      },
      "put" : {
        "tags" : [ "Metadata" ],
        "summary" : "Update single section of METS file.",
        "description" : "Section will be selected by prefix and sectionID (optional) of the metadata registered in KIT Data Manager. If there are multiple sections with the same type an error will occur.",
        "operationId" : "updatePartialXML",
        "consumes" : [ "application/x-www-form-urlencoded" ],
        "produces" : [ "application/json" ],
        "parameters" : [ {
          "name" : "groupId",
          "in" : "formData",
          "description" : "GroupId the user belongs to. (User has to be at least manager)",
          "required" : false,
          "type" : "string",
          "default" : "USERS"
        }, {
          "name" : "oid",
          "in" : "formData",
          "description" : "Unique ID for the metadata (should be identical to id of linked Digital Data Object).",
          "required" : true,
          "type" : "string"
        }, {
          "name" : "sectionId",
          "in" : "formData",
          "description" : "Section ID for the metadata (mandatory if multiple sections with same type exists).",
          "required" : false,
          "type" : "string"
        }, {
          "name" : "xmlFile",
          "in" : "formData",
          "description" : "Content of XML file to be stored",
          "required" : true,
          "type" : "string"
        } ],
        "responses" : {
          "201" : {
            "description" : "Successfully updated."
          },
          "400" : {
            "description" : "Bad request. At least one Parameter is invalid."
          },
          "401" : {
            "description" : "Unauthorized access."
          },
          "404" : {
            "description" : "ID doesn't exist."
          },
          "500" : {
            "description" : "Internal server error"
          }
        }
      }
    },
    "/xsd" : {
      "get" : {
        "tags" : [ "XML Schema Definition (XSD)" ],
        "summary" : "Get all prefixes of registered XSD files",
        "description" : "Returns only the prefixes.",
        "operationId" : "listAllRegisteredPrefixes",
        "consumes" : [ "application/x-www-form-urlencoded" ],
        "produces" : [ "application/json" ],
        "parameters" : [ {
          "name" : "groupId",
          "in" : "query",
          "description" : "GroupId the user belongs to. (User has to be at least guest)",
          "required" : false,
          "type" : "string",
          "default" : "USERS"
        } ],
        "responses" : {
          "200" : {
            "description" : "Success"
          },
          "401" : {
            "description" : "Unauthorized access."
          },
          "500" : {
            "description" : "Internal server error"
          }
        }
      },
      "post" : {
        "tags" : [ "XML Schema Definition (XSD)" ],
        "summary" : "Register XSD file",
        "description" : "Returns the namespace of registered xsd file",
        "operationId" : "registerFile",
        "consumes" : [ "application/x-www-form-urlencoded" ],
        "produces" : [ "application/json" ],
        "parameters" : [ {
          "name" : "groupId",
          "in" : "formData",
          "description" : "GroupId the user belongs to. (User has to be at least manager)",
          "required" : false,
          "type" : "string",
          "default" : "USERS"
        }, {
          "name" : "prefix",
          "in" : "formData",
          "description" : "Unique prefix linked to the schema of XSD file.",
          "required" : true,
          "type" : "string"
        }, {
          "name" : "file",
          "in" : "formData",
          "description" : "Content of XSD file to be registered.",
          "required" : true,
          "type" : "string"
        } ],
        "responses" : {
          "201" : {
            "description" : "Successfully registered schema"
          },
          "401" : {
            "description" : "Unauthorized access."
          },
          "404" : {
            "description" : "Can't register schema due to errors in schema."
          },
          "500" : {
            "description" : "Internal server error"
          }
        }
      }
    },
    "/xsd/{prefix}" : {
      "get" : {
        "tags" : [ "XML Schema Definition (XSD)" ],
        "summary" : "Register XSD file",
        "description" : "Returns the xsd file",
        "operationId" : "getXsdFile",
        "consumes" : [ "application/x-www-form-urlencoded" ],
        "produces" : [ "application/xml" ],
        "parameters" : [ {
          "name" : "groupId",
          "in" : "query",
          "description" : "GroupId the user belongs to. (User has to be at least guest)",
          "required" : false,
          "type" : "string",
          "default" : "USERS"
        }, {
          "name" : "prefix",
          "in" : "path",
          "description" : "Unique prefix linked to the schema of XSD file.",
          "required" : true,
          "type" : "string"
        } ],
        "responses" : {
          "200" : {
            "description" : "Get registered schema"
          },
          "401" : {
            "description" : "Unauthorized access."
          },
          "404" : {
            "description" : "Prefix not registered."
          },
          "500" : {
            "description" : "Internal server error"
          }
        }
      }
    }
  }
}